[
    {
      "id": 1,
      "title": "Por do Sol na Praia",
      "photographerId": 1,
      "url": "https://images.pexels.com/photos/2098099/pexels-photo-2098099.jpeg?auto=compress&cs=tinysrgb&w=1260&h=750&dpr=1",
      "description": "Uma linda imagem de um por do sol na praia.",
      "price": 25,
      "categories": ["paisagem", "praia"]
    },
    {
      "id": 2,
      "title": "Competição Esportiva",
        "photographerId": 1,
      "url": "https://images.pexels.com/photos/4842322/pexels-photo-4842322.jpeg?auto=compress&cs=tinysrgb&w=1260&h=750&dpr=1",
        "description": "Imagem da premiação de uma competição.",
         "price": 30,
         "categories": ["esporte", "evento"]
    },
     {
      "id": 3,
      "title": "Por do Sol no Rio",
        "photographerId": 2,
      "url": "https://images.pexels.com/photos/1671185/pexels-photo-1671185.jpeg?auto=compress&cs=tinysrgb&w=1260&h=750&dpr=1",
       "description": "Um belo por do sol no rio.",
         "price": 20,
        "categories": ["paisagem", "rio"]
    },
    {
      "id": 4,
       "photographerId": 2,
      "title": "Corrida de Kart",
      "url": "https://images.pexels.com/photos/2755704/pexels-photo-2755704.jpeg?auto=compress&cs=tinysrgb&w=1260&h=750&dpr=1",
      "description": "Foto da largada de uma corrida de kart.",
       "price": 28,
        "categories": ["esporte", "corrida"]
    }
]