[
    {
      "id": 1,
      "name": "Victor Fotos",
      "bio": "Fotógrafo profissional com mais de 10 anos de experiência.",
        "photoURL": "https://images.pexels.com/photos/1300742/pexels-photo-1300742.jpeg?auto=compress&cs=tinysrgb&w=1260&h=750&dpr=1"
     },
    {
      "id": 2,
      "name": "Maria Click",
        "bio": "Fotógrafa amadora apaixonada por paisagens e eventos.",
        "photoURL": "https://images.pexels.com/photos/1838737/pexels-photo-1838737.jpeg?auto=compress&cs=tinysrgb&w=1260&h=750&dpr=1"
   }
]